Code,Name,Close,MA25,MA75,Turnover,TurnoverMA25,TurnoverMA75,Category,DataDate
5011,ニチレキグループ,2043.0,2109.0,2242.5,1.0,0.8,1.1,,2026-05-08
5016,ＪＸ金属,5416.0,4523.9,3716.1,1366.1,1564.9,1412.3,2,2026-05-08
5019,出光興産,1340.5,1473.6,1413.1,75.4,72.0,62.6,,2026-05-08
5020,ＥＮＥＯＳホールディングス,1289.5,1381.5,1358.2,128.2,125.8,126.8,,2026-05-08
5021,コスモエネルギーホールディングス,3951.0,4254.6,4417.3,32.1,25.2,31.6,,2026-05-08
5032,ＡＮＹＣＯＬＯＲ,2786.0,2982.7,3574.7,23.2,26.2,36.5,,2026-05-08
5036,日本ビジネスシステムズ,1419.0,1471.3,1567.3,1.7,2.0,2.2,,2026-05-08
5074,テスホールディングス,988.0,681.6,566.1,65.2,18.4,15.2,2,2026-05-08
5076,インフロニア・ホールディングス,2272.0,2148.4,2281.6,145.2,41.1,44.4,,2026-05-08
50765,インフロニア・ホールディングス第１回社債型種類株式,4623.0,4624.5,4607.5,0.2,0.2,0.2,,2026-05-08
5101,横浜ゴム,6453.0,6299.9,6481.2,48.8,56.3,65.2,,2026-05-08
5105,ＴＯＹＯ　ＴＩＲＥ,3874.0,3877.4,4107.2,27.8,27.3,37.8,,2026-05-08
5108,ブリヂストン,3284.0,3352.5,3463.6,158.3,141.4,172.2,,2026-05-08
5110,住友ゴム工業,2038.0,2075.8,2321.5,36.9,35.1,45.1,,2026-05-08
5121,藤倉コンポジット,2590.0,2533.1,2453.9,4.5,3.1,3.8,2,2026-05-08
5122,オカモト,5600.0,5870.4,5770.3,1.4,0.8,1.0,,2026-05-08
5142,アキレス,1562.0,1436.8,1491.1,1.9,0.8,1.1,,2026-05-08
5185,フコク,1783.0,1810.1,1884.7,0.5,0.7,0.9,,2026-05-08
5186,ニッタ,4650.0,4550.6,4368.2,4.8,1.6,1.6,2,2026-05-08
5192,三ツ星ベルト,4005.0,3996.0,4011.7,2.3,2.0,2.8,,2026-05-08
5195,バンドー化学,2039.0,2092.2,2097.8,1.8,0.9,1.2,,2026-05-08
5201,ＡＧＣ,5580.0,5675.2,5860.3,90.8,63.3,73.7,,2026-05-08
5202,日本板硝子,482.0,479.6,545.5,4.8,10.8,17.1,,2026-05-08
5208,有沢製作所,2292.0,2469.2,2274.9,11.9,6.4,6.1,,2026-05-08
5214,日本電気硝子,6915.0,7245.4,6715.7,89.4,50.2,52.6,,2026-05-08
5232,住友大阪セメント,3982.0,3980.3,4070.3,7.1,8.6,8.4,,2026-05-08
5233,太平洋セメント,3618.0,3623.1,3944.6,21.3,20.4,23.8,,2026-05-08
5261,リソルホールディングス,7090.0,7285.2,7799.3,0.8,0.6,0.8,,2026-05-08
5262,日本ヒューム,1172.0,1155.0,1355.7,10.2,4.5,7.9,,2026-05-08
5269,日本コンクリート工業,313.0,313.7,328.2,0.4,0.6,0.8,,2026-05-08
5288,アジアパイルホールディングス,1429.0,1435.4,1439.1,1.9,1.9,2.7,,2026-05-08
5301,東海カーボン,1190.0,1042.2,1033.9,22.1,15.0,16.7,2,2026-05-08
5302,日本カーボン,4855.0,4753.0,4722.8,2.5,2.0,2.8,2,2026-05-08
5310,東洋炭素,6840.0,5884.0,5703.3,11.8,6.6,9.4,2,2026-05-08
5331,ノリタケ,3555.0,3296.6,3233.1,9.1,5.6,6.8,,2026-05-08
5332,ＴＯＴＯ,7083.0,5566.7,5523.2,182.3,90.3,80.5,2,2026-05-08
5333,日本碍子,5374.0,4505.3,4172.1,113.8,60.6,54.4,2,2026-05-08
5334,日本特殊陶業,8679.0,8112.4,7501.0,149.4,73.7,69.3,2,2026-05-08
5344,ＭＡＲＵＷＡ,,,,,,,,
5351,品川リフラ,,,,,,,,
5357,ヨータイ,,,,,,,,
5384,フジミインコーポレーテッド,,,,,,,,
5393,ニチアス,,,,,,,,
5401,日本製鉄,,,,,,,,
5406,神戸製鋼所,,,,,,,,
5408,中山製鋼所,,,,,,,,
5410,合同製鐵,,,,,,,,
5411,ＪＦＥホールディングス,,,,,,,,
5423,東京製鐵,,,,,,,,
5440,共英製鋼,,,,,,,,
5444,大和工業,,,,,,,,
5445,東京鐵鋼,,,,,,,,
5451,ヨドコウ,,,,,,,,
5461,中部鋼鈑,,,,,,,,
5463,丸一鋼管,,,,,,,,
5471,大同特殊鋼,,,,,,,,
5480,日本冶金工業,,,,,,,,
5482,愛知製鋼,,,,,,,,
5535,ミガロホールディングス,,,,,,,,
5541,大平洋金属,,,,,,,,
5563,新日本電工,,,,,,,,
5602,栗本鐵工所,,,,,,,,
5631,日本製鋼所,,,,,,,,
5632,三菱製鋼,,,,,,,,
5659,日本精線,,,,,,,,
5702,大紀アルミニウム工業所,,,,,,,,
5703,日本軽金属ホールディングス,,,,,,,,
5706,三井金属,,,,,,,,
5707,東邦亜鉛,,,,,,,,
5711,三菱マテリアル,,,,,,,,
5713,住友金属鉱山,,,,,,,,
5714,ＤＯＷＡホールディングス,,,,,,,,
5715,古河機械金属,,,,,,,,
5726,大阪チタニウムテクノロジーズ,,,,,,,,
5727,東邦チタニウム,,,,,,,,
5741,ＵＡＣＪ,,,,,,,,
5757,ＣＫサンエツ,,,,,,,,
5801,古河電気工業,,,,,,,,
5802,住友電気工業,,,,,,,,
5803,フジクラ,,,,,,,,
5805,ＳＷＣＣ,,,,,,,,
5821,平河ヒューテック,,,,,,,,
5830,いよぎんホールディングス,,,,,,,,
5831,しずおかフィナンシャルグループ,,,,,,,,
5832,ちゅうぎんフィナンシャルグループ,,,,,,,,
5838,楽天銀行,,,,,,,,
5844,京都フィナンシャルグループ,,,,,,,,
5851,リョービ,,,,,,,,
5852,アーレスティ,,,,,,,,
5857,ＡＲＥホールディングス,,,,,,,,
5889,Ｊａｐａｎ　Ｅｙｅｗｅａｒ　Ｈｏｌｄｉｎｇｓ,,,,,,,,
5901,東洋製罐グループホールディングス,,,,,,,,
5902,ホッカンホールディングス,,,,,,,,
5911,横河ブリッジホールディングス,,,,,,,,
5929,三和ホールディングス,,,,,,,,
5930,文化シヤッター,,,,,,,,
5932,三協立山,,,,,,,,
5933,アルインコ,,,,,,,,
5938,ＬＩＸＩＬ,,,,,,,,
5943,ノーリツ,,,,,,,,
5946,長府製作所,,,,,,,,
5947,リンナイ,,,,,,,,
5949,ユニプレス,,,,,,,,
5957,日東精工,,,,,,,,
5959,岡部,,,,,,,,
5970,ジーテクト,,,,,,,,
5975,東プレ,,,,,,,,
5976,高周波熱錬,,,,,,,,
5981,東京製綱,,,,,,,,
5988,パイオラックス,,,,,,,,
5989,エイチワン,,,,,,,,
5991,日本発條,,,,,,,,
6005,三浦工業,,,,,,,,
6013,タクマ,,,,,,,,
6027,弁護士ドットコム,,,,,,,,
6036,ＫｅｅＰｅｒ技研,,,,,,,,
6047,Ｇｕｎｏｓｙ,,,,,,,,
6050,イー・ガーディアン,,,,,,,,
6055,ジャパンマテリアル,,,,,,,,
6058,ベクトル,,,,,,,,
6062,チャーム・ケア・コーポレーション,,,,,,,,
6070,キャリアリンク,,,,,,,,
6071,ＩＢＪ,,,,,,,,
6073,アサンテ,,,,,,,,
6078,バリューＨＲ,,,,,,,,
6080,Ｍ＆Ａキャピタルパートナーズ,,,,,,,,
6088,シグマクシス・ホールディングス,,,,,,,,
6089,ウィルグループ,,,,,,,,
6098,リクルートホールディングス,,,,,,,,
6099,エラン,,,,,,,,
6101,ツガミ,,,,,,,,
6103,オークマ,,,,,,,,
6104,芝浦機械,,,,,,,,
6113,アマダ,,,,,,,,
6118,アイダエンジニアリング,,,,,,,,
6134,ＦＵＪＩ,,,,,,,,
6135,牧野フライス製作所,,,,,,,,
6136,オーエスジー,,,,,,,,
6140,旭ダイヤモンド工業,,,,,,,,
6141,ＤＭＧ森精機,,,,,,,,
6143,ソディック,,,,,,,,
6146,ディスコ,,,,,,,,
6151,日東工器,,,,,,,,
6167,冨士ダイス,,,,,,,,
6178,日本郵政,,,,,,,,
6183,ベルシステム２４ホールディングス,,,,,,,,
6184,鎌倉新書,,,,,,,,
6191,エアトリ,,,,,,,,
6194,アトラエ,,,,,,,,
6196,ストライク,,,,,,,,
6197,ソラスト,,,,,,,,
6200,インソース,,,,,,,,
6201,豊田自動織機,,,,,,,,
6209,リケンＮＰＲ,,,,,,,,
6222,島精機製作所,,,,,,,,
6235,オプトラン,,,,,,,,
6237,イワキポンプ,,,,,,,,
6238,フリュー,,,,,,,,
6240,ヤマシンフィルタ,,,,,,,,
6247,日阪製作所,,,,,,,,
6250,やまびこ,,,,,,,,
6254,野村マイクロ・サイエンス,,,,,,,,
6258,平田機工,,,,,,,,
6264,マルマエ,,,,,,,,
6266,タツモ,,,,,,,,
6268,ナブテスコ,,,,,,,,
6269,三井海洋開発,,,,,,,,
6272,レオン自動機,,,,,,,,
6273,ＳＭＣ,,,,,,,,
6277,ホソカワミクロン,,,,,,,,
6278,ユニオンツール,,,,,,,,
6279,瑞光,,,,,,,,
6282,オイレス工業,,,,,,,,
6284,日精エー・エス・ビー機械,,,,,,,,
6287,サトー,,,,,,,,
6289,技研製作所,,,,,,,,
6294,オカダアイヨン,,,,,,,,
6298,ワイエイシイホールディングス,,,,,,,,
6301,小松製作所,,,,,,,,
6302,住友重機械工業,,,,,,,,
6305,日立建機,,,,,,,,
6306,日工,,,,,,,,
6309,巴工業,,,,,,,,
6310,井関農機,,,,,,,,
6315,ＴＯＷＡ,,,,,,,,
6323,ローツェ,,,,,,,,
6324,ハーモニック・ドライブ・システムズ,,,,,,,,
6326,クボタ,,,,,,,,
6328,荏原実業,,,,,,,,
6330,東洋エンジニアリング,,,,,,,,
6331,三菱化工機,,,,,,,,
6332,月島ホールディングス,,,,,,,,
6333,帝国電機製作所,,,,,,,,
6339,新東工業,,,,,,,,
6340,澁谷工業,,,,,,,,
6345,アイチ　コーポレーション,,,,,,,,
6349,小森コーポレーション,,,,,,,,
6351,鶴見製作所,,,,,,,,
6358,酒井重工業,,,,,,,,
6361,荏原製作所,,,,,,,,
6363,酉島製作所,,,,,,,,
6364,ＡＩＲＭＡＮ,,,,,,,,
6367,ダイキン工業,,,,,,,,
6368,オルガノ,,,,,,,,
6369,トーヨーカネツ,,,,,,,,
6370,栗田工業,,,,,,,,
6371,椿本チエイン,,,,,,,,
6376,日機装,,,,,,,,
6379,レイズネクスト,,,,,,,,
6381,アネスト岩田,,,,,,,,
6383,ダイフク,,,,,,,,
6387,サムコ,,,,,,,,
6390,加藤製作所,,,,,,,,
6395,タダノ,,,,,,,,
6407,ＣＫＤ,,,,,,,,
6412,平和,,,,,,,,
6413,理想科学工業,,,,,,,,
6417,ＳＡＮＫＹＯ,,,,,,,,
6418,日本金銭機械,,,,,,,,
6419,マースグループホールディングス,,,,,,,,
6420,ガリレイ,,,,,,,,
6430,ダイコク電機,,,,,,,,
6432,竹内製作所,,,,,,,,
6436,アマノ,,,,,,,,
6440,ＪＵＫＩ,,,,,,,,
6445,ジャノメ,,,,,,,,
6448,ブラザー工業,,,,,,,,
6454,マックス,,,,,,,,
6455,モリタホールディングス,,,,,,,,
6457,グローリー,,,,,,,,
6458,新晃工業,,,,,,,,
6459,大和冷機工業,,,,,,,,
6460,セガサミーホールディングス,,,,,,,,
6463,ＴＰＲ,,,,,,,,
6464,ツバキ・ナカシマ,,,,,,,,
6465,ホシザキ,,,,,,,,
6471,日本精工,,,,,,,,
6472,ＮＴＮ,,,,,,,,
6473,ジェイテクト,,,,,,,,
6474,不二越,,,,,,,,
6479,ミネベアミツミ,,,,,,,,
6480,日本トムソン,,,,,,,,
6481,ＴＨＫ,,,,,,,,
6486,イーグル工業,,,,,,,,
6490,ＰＩＬＬＡＲ,,,,,,,,
6498,キッツ,,,,,,,,
6501,日立製作所,,,,,,,,
6503,三菱電機,,,,,,,,
6504,富士電機,,,,,,,,
6506,安川電機,,,,,,,,
6507,シンフォニアテクノロジー,,,,,,,,
6508,明電舎,,,,,,,,
6516,山洋電気,,,,,,,,
6517,デンヨー,,,,,,,,
6523,ＰＨＣホールディングス,,,,,,,,
6525,ＫＯＫＵＳＡＩ　ＥＬＥＣＴＲＩＣ,,,,,,,,
6526,ソシオネクスト,,,,,,,,
6532,ベイカレント,,,,,,,,
6533,Ｏｒｃｈｅｓｔｒａ　Ｈｏｌｄｉｎｇｓ,,,,,,,,
6535,アイモバイル,,,,,,,,
6539,ＭＳ－Ｊａｐａｎ,,,,,,,,
6544,ジャパンエレベーターサービスホールディングス,,,,,,,,
6560,エル・ティー・エス,,,,,,,,
6564,ミダックホールディングス,,,,,,,,
6571,キュービーネットホールディングス,,,,,,,,
6572,オープングループ,,,,,,,,
6584,三櫻工業,,,,,,,,
6586,マキタ,,,,,,,,
6588,東芝テック,,,,,,,,
6590,芝浦メカトロニクス,,,,,,,,
6592,マブチモーター,,,,,,,,
6594,ニデック,,,,,,,,
6615,ユー・エム・シー・エレクトロニクス,,,,,,,,
6616,トレックス・セミコンダクター,,,,,,,,
6617,東光高岳,,,,,,,,
6619,ダブル・スコープ,,,,,,,,
6620,宮越ホールディングス,,,,,,,,
6622,ダイヘン,,,,,,,,
6630,ヤーマン,,,,,,,,
6632,ＪＶＣケンウッド,,,,,,,,
6638,ミマキエンジニアリング,,,,,,,,
6644,大崎電気工業,,,,,,,,
6645,オムロン,,,,,,,,
6651,日東工業,,,,,,,,
6652,ＩＤＥＣ,,,,,,,,
6653,正興電機製作所,,,,,,,,
6674,ジーエス・ユアサ　コーポレーション,,,,,,,,
6699,ダイヤモンドエレクトリックホールディングス,,,,,,,,
6701,日本電気,,,,,,,,
6702,富士通,,,,,,,,
6703,沖電気工業,,,,,,,,
6706,電気興業,,,,,,,,
6707,サンケン電気,,,,,,,,
6718,アイホン,,,,,,,,
6723,ルネサスエレクトロニクス,,,,,,,,
6724,セイコーエプソン,,,,,,,,
6727,ワコム,,,,,,,,
6728,アルバック,,,,,,,,
6737,ＥＩＺＯ,,,,,,,,
6740,ジャパンディスプレイ,,,,,,,,
6741,日本信号,,,,,,,,
6742,京三製作所,,,,,,,,
6744,能美防災,,,,,,,,
6745,ホーチキ,,,,,,,,
6750,エレコム,,,,,,,,
6752,パナソニック　ホールディングス,,,,,,,,
6753,シャープ,,,,,,,,
6754,アンリツ,,,,,,,,
6758,ソニーグループ,,,,,,,,
6762,ＴＤＫ,,,,,,,,
6763,帝国通信工業,,,,,,,,
6768,タムラ製作所,,,,,,,,
6770,アルプスアルパイン,,,,,,,,
6779,日本電波工業,,,,,,,,
6785,鈴木,,,,,,,,
6787,メイコー,,,,,,,,
6788,日本トリム,,,,,,,,
6794,フォスター電機,,,,,,,,
6798,ＳＭＫ,,,,,,,,
6800,ヨコオ,,,,,,,,
6804,ホシデン,,,,,,,,
6806,ヒロセ電機,,,,,,,,
6807,日本航空電子工業,,,,,,,,
6809,ＴＯＡ,,,,,,,,
6810,マクセル,,,,,,,,
6814,古野電気,,,,,,,,
6817,スミダコーポレーション,,,,,,,,
6820,アイコム,,,,,,,,
6823,リオン,,,,,,,,
6841,横河電機,,,,,,,,
6844,新電元工業,,,,,,,,
6845,アズビル,,,,,,,,
6849,日本光電工業,,,,,,,,
6850,チノー,,,,,,,,
6856,堀場製作所,,,,,,,,
6857,アドバンテスト,,,,,,,,
6859,エスペック,,,,,,,,
6861,キーエンス,,,,,,,,
6866,日置電機,,,,,,,,
6869,シスメックス,,,,,,,,
6871,日本マイクロニクス,,,,,,,,
6875,メガチップス,,,,,,,,
6902,デンソー,,,,,,,,
6905,コーセル,,,,,,,,
6908,イリソ電子工業,,,,,,,,
6914,オプテックスグループ,,,,,,,,
6920,レーザーテック,,,,,,,,
6923,スタンレー電気,,,,,,,,
6925,ウシオ電機,,,,,,,,
6929,日本セラミック,,,,,,,,
6941,山一電機,,,,,,,,
6947,図研,,,,,,,,
6951,日本電子,,,,,,,,
6952,カシオ計算機,,,,,,,,
6954,ファナック,,,,,,,,
6958,日本シイエムケイ,,,,,,,,
6961,エンプラス,,,,,,,,
6962,大真空,,,,,,,,
6963,ローム,,,,,,,,
6965,浜松ホトニクス,,,,,,,,
6966,三井ハイテック,,,,,,,,
6971,京セラ,,,,,,,,
6976,太陽誘電,,,,,,,,
6981,村田製作所,,,,,,,,
6986,双葉電子工業,,,,,,,,
6988,日東電工,,,,,,,,
6995,東海理化電機製作所,,,,,,,,
6996,ニチコン,,,,,,,,
6997,日本ケミコン,,,,,,,,
6999,ＫＯＡ,,,,,,,,
7003,三井Ｅ＆Ｓ,5555.0,5791.4,6479.5,190.2,240.5,382.9,1,2026/5/8
7004,カナデビア,1275.0,1179.9,1068.8,14.9,13.7,10.6,12,2026/5/8
7011,三菱重工業,4510.0,4639.5,4706.9,1136.9,1052.6,1228.6,1,2026/5/8
7012,川崎重工業,3266.0,3197.2,3138.4,422.0,436.0,624.4,1,2026/5/8
7013,ＩＨＩ,3059.0,3163.9,3589.2,2122.1,605.7,741.0,1,2026/5/8
7033,マネジメントソリューションズ,1343.0,1340.1,1348.2,0.8,1.1,1.6,,2026/5/8
7034,プロレド・パートナーズ,427.0,419.3,473.2,0.1,0.1,0.2,,2026/5/8
7038,フロンティア・マネジメント,594.0,586.1,574.0,0.2,0.1,0.2,,2026/5/8
7059,コプロ・ホールディングス,841.0,864.8,937.9,0.1,0.7,1.6,,
7071,アンビスホールディングス,381.0,411.6,457.1,0.4,1.7,2.8,,
7085,カーブスホールディングス,822.0,817.3,784.2,0.5,3.6,2.4,,
7088,フォーラムエンジニアリング,1699.0,1699.2,1698.6,0.2,0.6,0.9,,
7092,Ｆａｓｔ　Ｆｉｔｎｅｓｓ　Ｊａｐａｎ,2303.0,2303.1,2303.5,0.2,0.3,0.6,,
7095,Ｍａｃｂｅｅ　Ｐｌａｎｅｔ,1275.0,1287.3,1344.9,0.5,1.5,1.7,,
7102,日本車輌製造,3605.0,3598.4,3803.8,0.2,1.8,1.7,,
7128,ユニソルホールディングス,2160.0,2211.3,2260.6,0.2,0.9,1.1,,
7130,ヤマエグループホールディングス,2856.0,2959.4,2886.2,0.5,1.7,2.3,,
7148,ＦＰＧ,1549.0,1579.6,1845.1,12.8,13.0,14.7,1,2026/5/8
7157,ライフネット生命保険,1809.0,2109.8,2107.0,2.9,6.3,5.8,,
7164,全国保証,3103.0,3198.4,3116.2,16.2,13.7,12.6,1,2026/5/8
7167,めぶきフィナンシャルグループ,1313.5,1302.8,1239.2,34.6,31.8,30.4,1,2026/5/8
7172,ジャパンインベストメントアドバイザー,2102.0,2021.8,2059.7,7.5,7.4,10.2,1,2026/5/8
7173,東京きらぼしフィナンシャルグループ,11490.0,11766.0,11058.1,18.1,12.4,14.3,1,2026/5/8
7180,九州フィナンシャルグループ,1259.0,1272.4,1227.0,17.6,16.2,16.7,1,2026/5/8
7181,かんぽ生命保険,1558.5,1577.3,1593.0,35.0,34.2,45.0,1,2026/5/8
7182,ゆうちょ銀行,2738.5,2672.5,2681.2,49.2,172.5,233.4,,
7184,富山第一銀行,2519.0,2572.8,2469.8,2.1,5.3,7.1,,
7186,横浜フィナンシャルグループ,1489.5,1488.5,1482.9,53.2,43.9,55.8,1,2026/5/8
7187,ジェイリース,1325.0,1313.2,1342.5,0.8,1.0,1.3,,2026/5/8
7189,西日本フィナンシャルホールディングス,3946.0,4033.0,3942.6,24.7,18.9,20.6,1,2026/5/8
7198,ＳＢＩアルヒ,850.0,865.1,871.8,1.0,0.9,1.3,,2026/5/8
7199,プレミアグループ,1844.0,1804.0,1788.8,5.4,3.7,5.0,,2026/5/8
7201,日産自動車,345.7,355.9,381.0,110.9,88.9,108.2,1,2026/5/8
7202,いすゞ自動車,2154.0,2288.6,2462.2,52.5,54.0,57.4,1,2026/5/8
7203,トヨタ自動車,2913.0,3217.1,3411.5,2187.2,720.8,814.1,1,2026-05-08
7211,三菱自動車工業,306.7,315.1,361.4,41.9,44.8,46.8,1,2026/5/8
7220,武蔵精密工業,5420.0,3615.5,3013.0,268.8,70.2,45.9,12,2026/5/8
7224,新明和工業,2583.0,2478.2,2428.6,13.4,6.3,6.3,,2026/5/8
7226,極東開発工業,2678.0,2831.4,3073.6,4.9,5.1,4.5,,
7231,トピー工業,2957.0,2999.2,3140.1,1.4,1.5,2.1,,
7236,ティラド,14420.0,9305.6,9263.4,11.9,6.7,4.3,,
7238,曙ブレーキ工業,131.0,126.2,128.8,1.6,1.8,2.9,,
7239,タチエス,2084.0,2091.2,2115.2,2.7,2.3,2.5,,
7240,ＮＯＫ,2935.5,2857.9,2967.1,7.3,8.8,9.8,,
7241,フタバ産業,993.0,981.5,1024.6,1.9,2.5,2.8,,
7242,カヤバ,4560.0,4482.0,4556.4,2.6,4.5,5.2,,
7244,市光工業,517.0,510.4,521.1,0.3,0.5,0.8,,
7245,大同メタル工業,907.0,893.1,987.3,2.0,3.0,4.7,,
7246,プレス工業,783.0,811.2,852.0,1.4,2.0,2.9,,
7250,太平洋工業,3015.0,3018.8,3063.1,22.5,4.4,3.8,,
7259,アイシン,2291.0,2275.4,2498.3,92.3,70.6,74.8,1,2026/5/8
7261,マツダ,990.9,1049.0,1144.0,91.5,70.1,78.0,1,2026/5/8
7267,本田技研工業,1269.0,1283.8,1408.6,241.5,221.1,285.5,1,2026/5/8
7269,スズキ,1801.5,1829.1,2032.2,39.0,,,,
7270,ＳＵＢＡＲＵ,2358.0,2493.3,2792.0,106.7,86.0,115.2,1,2026/5/8
7272,ヤマハ発動機,1116.0,1144.0,1154.9,74.2,63.4,83.2,1,2026/5/8
7276,小糸製作所,2634.0,2543.0,2544.7,34.0,19.3,23.9,1,2026/5/8
7278,エクセディ,6050.0,5717.2,5707.2,8.0,9.5,8.7,,
7280,ミツバ,1168.0,1186.4,1277.3,2.7,2.6,24.9,1,2026/5/8
7282,豊田合成,4659.0,4278.2,4401.2,33.4,27.2,39.1,1,2026/5/8
7283,愛三工業,1722.0,1863.3,2010.7,3.2,2.5,2.9,,
7294,ヨロズ,877.0,889.6,965.8,0.2,0.4,0.7,,
7296,エフ・シー・シー,3410.0,3391.2,3521.7,1.7,3.0,3.6,,
7309,シマノ,17295.0,16794.4,16884.5,78.8,56.3,56.4,1,2026/5/8
7313,テイ・エス　テック,1753.0,1768.8,1827.8,3.4,5.6,7.0,,
7322,三十三フィナンシャルグループ,1629.0,1602.4,1475.7,4.4,5.3,5.5,,
7327,第四北越フィナンシャルグループ,1977.0,1951.5,1915.0,23.5,19.7,17.1,12,2026/5/8
7337,ひろぎんホールディングス,1857.5,1854.4,1809.6,16.2,12.9,15.6,1,2026/5/8
7347,マーキュリアホールディングス,783.0,751.2,767.3,0.2,0.3,0.5,,
7350,おきなわフィナンシャルグループ,5560.0,5608.0,5498.6,3.5,3.4,3.6,,
7366,ＬＩＴＡＬＩＣＯ,1187.0,1225.6,1259.0,0.9,1.2,2.1,,
7380,十六フィナンシャルグループ,2060.0,2009.2,1783.7,29.3,11.7,12.5,12,2026/5/8
7381,ＣＣＩグループ,1002.0,985.9,965.3,6.2,5.2,6.4,,
7383,ネットプロテクションズホールディングス,442.0,420.1,454.4,2.4,3.6,6.9,,
7384,プロクレアホールディングス,3535.0,3431.4,3047.9,6.0,4.2,3.6,,
7388,ＦＰパートナー,2292.0,2325.5,2323.7,1.3,1.7,2.0,,
7389,あいちフィナンシャルグループ,1499.0,1525.5,1301.4,12.7,12.5,10.7,1,2026/5/8
7414,小野建,1427.0,1401.9,1406.7,0.3,0.7,0.8,,
7419,ノジマ,1249.0,1164.6,1135.4,28.9,16.0,10.7,1,2026/5/8
7421,カッパ・クリエイト,1492.0,1555.2,1576.0,1.8,1.5,1.6,,
7433,伯東,4185.0,4224.6,4150.0,1.8,2.1,2.8,,
7438,コンドーテック,1456.0,1497.8,1488.1,0.2,0.4,0.6,,
7447,ナガイレーベン,1632.0,1719.4,1750.4,1.0,1.1,1.2,,
7453,良品計画,3650.0,3677.3,3487.5,177.0,166.8,164.9,1,2026/5/8
7456,松田産業,7190.0,6574.4,6772.0,10.0,8.5,11.7,1,2026/5/8
7458,第一興商,1607.5,1696.8,1666.5,2.2,4.3,5.6,,
7459,メディパルホールディングス,2772.5,2867.0,2865.3,16.6,11.1,11.2,1,2026/5/8
7466,ＳＰＫ,1254.0,1294.5,1263.7,0.4,0.4,0.5,,
7475,アルビス,2499.0,2570.3,2614.1,0.2,0.3,0.4,,
7476,アズワン,2142.0,2189.8,2243.6,2.8,5.2,4.8,,
7482,シモジマ,1291.0,1355.2,1380.3,0.4,0.5,0.7,,
7483,ドウシシャ,3230.0,3381.8,3396.7,1.3,2.3,3.5,,
7504,高速,3035.0,3009.2,3079.6,1.6,1.4,1.4,,
7508,Ｇ‐７ホールディングス,1292.0,1335.2,1378.4,0.4,0.8,1.1,,
7510,たけびし,2168.0,2371.1,2388.9,0.5,0.6,0.8,,
7513,コジマ,1171.0,1266.6,1290.4,1.4,2.3,2.9,,
7516,コーナン商事,4000.0,4207.4,4092.2,2.2,3.9,5.3,,
7520,エコス,2282.0,2377.0,2737.6,0.3,0.7,0.9,,
7522,ワタミ,950.0,984.0,959.9,0.3,0.9,0.9,,
7525,リックス,3390.0,3448.0,3582.5,0.2,0.5,0.6,,
7532,パン・パシフィック・インターナショナルホールディングス,883.5,940.6,964.6,72.4,90.5,94.0,1,2026/5/8
7537,丸文,1218.0,1174.6,1206.8,0.5,0.9,1.4,,
7545,西松屋チェーン,1965.0,2077.6,2122.6,2.9,4.5,5.6,,
7550,ゼンショーホールディングス,8802.0,8763.8,9068.9,51.8,47.0,44.5,1,2026/5/8
75505,ゼンショーホールディングス第１回社債型種類株式,5000.0,4997.4,4966.7,0.0,0.1,0.1,,
7552,ハピネット,2622.0,2725.6,2781.3,4.3,4.7,6.3,,
7554,幸楽苑,1082.0,1114.6,1151.8,0.5,0.7,1.1,,
7575,日本ライフライン,1264.0,1409.4,1415.9,7.5,2.2,2.7,,
7581,サイゼリヤ,5180.0,5648.4,6280.4,16.8,38.3,26.6,1,2026/5/8
7593,ＶＴホールディングス,482.0,489.5,515.7,0.8,1.4,1.4,,
7595,アルゴグラフィックス,1353.0,1434.3,1463.2,2.0,2.7,3.3,,
7596,魚力,2241.0,2295.1,2298.0,0.1,0.2,0.3,,
7599,ＩＤＯＭ,1339.0,1372.4,1392.1,8.5,11.0,13.8,1,2026/5/8
7600,日本エム・ディ・エム,536.0,553.7,538.0,1.7,2.1,1.9,,
7606,ユナイテッドアローズ,2472.0,2447.7,2453.1,4.1,4.0,4.4,,
7607,進和,3065.0,3117.2,3141.8,0.3,0.7,0.7,,
7609,ダイトロン,3890.0,2906.0,2803.3,23.6,3.6,2.7,,
7611,ハイデイ日高,2780.0,2944.6,3050.5,3.1,3.5,4.9,,
7613,シークス,1307.0,1296.0,1296.2,1.4,3.3,3.2,,
7616,コロワイド,1854.0,1902.7,1860.0,4.8,7.0,8.1,,
7628,オーハシテクニカ,1101.0,1140.8,1164.4,0.1,0.4,0.5,,
7630,壱番屋,873.0,885.8,899.6,1.8,3.9,3.5,,
7637,白銅,2432.0,2453.6,2457.6,0.3,0.5,0.6,,
7649,スギホールディングス,3121.0,3417.4,3520.6,19.6,24.7,25.5,1,2026/5/8
7679,薬王堂ホールディングス,1765.0,1833.5,1953.7,0.4,0.8,0.8,,
7683,ダブルエー,1377.0,1363.6,1357.5,0.2,0.3,0.5,,
7701,島津製作所,3836.0,3757.8,3962.9,68.1,49.4,44.6,1,2026/5/8
7715,長野計器,3190.0,3003.9,2881.8,1.5,2.0,2.3,,
7717,ブイ・テクノロジー,4880.0,4729.6,4167.6,10.6,12.4,9.8,,
7721,東京計器,7850.0,7534.4,7621.4,26.3,26.1,26.6,1,2026/5/8
7723,愛知時計電機,3060.0,2957.1,2977.5,1.8,0.7,1.0,,
7725,インターアクション,1874.0,1630.0,1503.7,1.4,2.7,1.5,,
7729,東京精密,18765.0,16070.4,15235.3,83.4,53.8,61.9,12,2026/5/8
7730,マニー,1695.0,1666.9,1601.1,3.6,8.1,5.8,,
7731,ニコン,1880.5,1883.4,1907.7,64.2,35.9,31.8,1,2026/5/8
7733,オリンパス,1571.5,1561.4,1585.7,84.7,80.4,89.2,1,2026/5/8
7734,理研計器,3430.0,3317.2,3312.4,2.1,3.4,3.2,,
7735,ＳＣＲＥＥＮホールディングス,11380.0,10303.7,10078.3,238.9,219.5,278.2,12,2026/5/8
7739,キヤノン電子,3635.0,3630.8,3631.5,3.0,2.0,3.2,,
7740,タムロン,1021.0,1063.5,1037.3,5.4,4.8,4.7,,
7741,ＨＯＹＡ,27470.0,28574.6,27512.7,331.6,332.0,312.0,1,2026/5/8
7744,ノーリツ鋼機,2033.0,2092.1,2134.1,3.6,4.7,8.5,,
7745,Ａ＆Ｄホロンホールディングス,3015.0,2850.5,2640.9,3.7,3.8,4.3,,
7747,朝日インテック,3306.0,3439.9,3129.3,39.0,32.9,40.6,1,2026/5/8
7751,キヤノン,4063.0,4330.2,4519.4,215.4,196.0,188.3,1,2026/5/8
7752,リコー,1342.0,1347.4,1375.8,34.6,31.0,30.7,1,2026/5/8
7762,シチズン時計,1986.0,1814.8,1653.5,28.9,16.1,20.8,1,2026/5/8
7769,リズム,3375.0,3522.6,3754.3,1.0,0.9,1.5,,
7780,メニコン,1604.0,1695.1,1692.7,2.0,3.3,4.4,,
7818,トランザクション,1143.0,1137.7,1207.4,1.3,2.6,2.5,,
7820,ニホンフラッシュ,780.0,801.3,808.3,0.4,0.3,0.4,,
7821,前田工繊,1799.0,1893.0,1970.1,2.4,2.4,3.0,,
7826,フルヤ金属,8500.0,7089.2,6327.8,54.7,28.2,31.5,1,2026/5/8
7832,バンダイナムコホールディングス,3637.0,3847.0,3981.9,113.7,79.4,92.9,1,2026/5/8
7839,ＳＨＯＥＩ,1812.0,1709.8,1707.2,5.3,5.1,4.5,,
7840,フランスベッドホールディングス,1263.0,1314.7,1310.6,0.4,0.5,0.8,,
7844,マーベラス,454.0,462.3,473.9,0.3,0.5,0.7,,
7846,パイロットコーポレーション,4759.0,4843.9,4807.2,2.7,4.5,5.2,,
7856,萩原工業,1652.0,1691.6,1701.7,0.9,1.7,1.2,,
7860,エイベックス,1186.0,1196.3,1184.5,1.2,1.5,2.1,,
7864,フジシールインターナショナル,2518.0,2625.2,2801.4,3.4,4.6,6.4,,
7867,タカラトミー,2630.0,2685.8,2722.2,19.0,11.7,14.0,1,2026/5/8
7868,広済堂ホールディングス,649.0,527.3,496.2,21.3,10.7,6.5,,
7874,レック,1068.0,1107.6,1095.7,0.4,0.5,0.8,,
7888,三光合成,862.0,868.2,946.0,0.7,1.0,1.2,,
7893,プロネクサス,1069.0,1103.9,1127.4,0.2,0.4,0.6,,
7911,ＴＯＰＰＡＮホールディングス,5297.0,4594.4,4752.5,119.6,80.7,78.5,1,2026/5/8
7912,大日本印刷,3161.0,2960.6,2956.2,62.4,44.1,42.9,1,2026/5/8
7914,共同印刷,1512.0,1569.1,1601.8,1.3,1.1,2.0,,
7915,ＮＩＳＳＨＡ,1311.0,1286.2,1291.8,2.1,2.4,2.9,,
7917,ＺＡＣＲＯＳ,1401.0,1383.6,1330.0,2.4,1.7,2.5,,
7921,ＴＡＫＡＲＡ　＆　ＣＯＭＰＡＮＹ,3370.0,3646.4,3949.4,1.0,0.8,1.2,,
7925,前澤化成工業,1884.0,2098.5,2225.5,1.1,0.9,1.0,,
7931,未来工業,3060.0,3134.6,3217.7,1.0,1.6,1.2,,
7936,アシックス,4640.0,4466.0,4340.0,167.3,137.1,156.7,1,2026/5/8
7942,ＪＳＰ,2615.0,2395.0,2493.5,2.5,2.0,2.4,,
7943,ニチハ,3235.0,3273.8,3356.5,2.0,2.2,2.4,,
7944,ローランド,4135.0,4164.4,3990.3,2.0,3.9,3.6,,
7947,エフピコ,2357.0,2378.5,2509.6,4.1,7.1,7.0,,
7949,小松ウオール工業,2551.0,2576.0,2717.6,1.5,2.2,1.9,,
7951,ヤマハ,1116.5,1165.6,1148.1,39.6,23.7,24.9,1,2026/5/8
7952,河合楽器製作所,2771.0,2946.3,2810.7,0.6,0.6,0.8,,
7955,クリナップ,897.0,913.5,937.0,0.7,0.6,0.9,,
7956,ピジョン,1744.5,1685.3,1651.8,23.3,14.8,15.8,1,2026/5/8
7962,キングジム,796.0,814.2,814.9,0.1,0.5,0.4,,
7965,象印マホービン,1573.0,1667.9,1600.4,1.7,3.6,2.8,,
7966,リンテック,5210.0,4890.4,4860.8,56.2,12.9,11.0,1,2026/5/8
7970,信越ポリマー,2219.0,2102.9,2070.2,2.3,3.6,3.3,,
7972,イトーキ,2904.0,3291.0,3127.4,27.4,6.3,6.7,,
7974,任天堂,7667.0,8313.0,8906.1,1257.9,765.9,959.1,1,2026/5/8
7976,三菱鉛筆,2541.0,2447.4,2367.9,2.3,2.2,2.4,,
7979,松風,1639.0,1704.5,1752.7,1.2,1.9,2.4,,
7981,タカラスタンダード,3070.0,2818.6,2860.9,4.6,5.4,3.8,,
7984,コクヨ,808.6,867.3,881.1,7.6,8.1,7.9,,
7988,ニフコ,4613.0,4594.5,4782.9,15.0,13.0,13.4,1,2026/5/8
7989,立川ブラインド工業,2505.0,2574.6,2418.5,2.2,1.1,1.4,,
7990,グローブライド,2152.0,2117.4,2174.8,1.5,1.7,1.8,,
7994,オカムラ,2447.0,2539.4,2496.0,3.9,3.2,4.3,,
7995,バルカー,6080.0,5416.8,4895.3,4.9,4.0,3.5,,
